tcgaGD_data_protein,frame_tcgaGDC_data_GE_counts,frame_tcgaGD_data_Meth,frame_tcgaGDC_data_CNV_genelevel,frame_tcgaLGG_data_RNA_normalized,imaging
Composite El,TCGA-14-1034,TCGA-14-1034,TCGA-4W-AA9R,TCGA-VW-A7QS,TCGA-02-0006
TCGA-12-0692,TCGA-06-5411,TCGA-06-5411,TCGA-06-0171,TCGA-FG-A87Q,TCGA-02-0007
TCGA-RR-A6KA,TCGA-74-6581,TCGA-74-6581,TCGA-02-0102,TCGA-CS-6668,TCGA-02-0009
TCGA-14-0862,TCGA-06-5414,TCGA-06-5414,TCGA-14-1034,TCGA-FG-5965,TCGA-02-0010
TCGA-19-0962,TCGA-06-5856,TCGA-06-5856,TCGA-06-0209,TCGA-HT-7477,TCGA-02-0011
TCGA-28-1750,TCGA-76-6657,TCGA-76-6657,TCGA-26-6173,TCGA-VM-A8C9,TCGA-02-0014
TCGA-32-4211,TCGA-19-5958,TCGA-19-5958,TCGA-02-0084,TCGA-FG-A6J3,TCGA-02-0015
TCGA-74-6584,TCGA-14-1395,TCGA-14-1395,TCGA-14-0789,TCGA-S9-A6U5,TCGA-02-0016
TCGA-12-3650,TCGA-28-5216,TCGA-28-5216,TCGA-19-2621,TCGA-DU-5872,TCGA-02-0021
TCGA-06-6693,TCGA-4W-AA9T,TCGA-4W-AA9T,TCGA-06-2557,TCGA-HT-8105,TCGA-02-0023
TCGA-26-A7UX,TCGA-28-5219,TCGA-28-5219,TCGA-06-5411,TCGA-HT-7676,TCGA-02-0024
TCGA-08-0386,TCGA-06-0210,TCGA-06-0210,TCGA-02-0037,TCGA-HW-A5KM,TCGA-02-0025
TCGA-06-6389,TCGA-19-A60I,TCGA-19-A60I,TCGA-12-1599,TCGA-HT-7620,TCGA-02-0026
TCGA-28-1753,TCGA-32-1980,TCGA-32-1980,TCGA-12-0618,TCGA-DU-6397,TCGA-02-0027
TCGA-27-1831,TCGA-19-5951,TCGA-19-5951,TCGA-06-0139,TCGA-TQ-A7RG,TCGA-02-0028
TCGA-08-0359,TCGA-28-5211,TCGA-28-5211,TCGA-19-2620,TCGA-HT-A74J,TCGA-02-0033
TCGA-76-6192,TCGA-06-0190,TCGA-06-0190,TCGA-02-0014,TCGA-HT-7695,TCGA-02-0034
TCGA-74-6581,TCGA-76-6662,TCGA-76-6662,TCGA-02-0089,TCGA-FG-5962,TCGA-02-0037
TCGA-41-2573,TCGA-4W-AA9S,TCGA-4W-AA9S,TCGA-08-0386,TCGA-IK-7675,TCGA-02-0038
TCGA-02-0069,TCGA-RR-A6KB,TCGA-RR-A6KB,TCGA-02-0113,TCGA-HT-7877,TCGA-02-0039
TCGA-06-5410,TCGA-06-1804,TCGA-06-1804,TCGA-28-5216,TCGA-DU-6405,TCGA-02-0043
TCGA-19-0957,TCGA-06-0125,TCGA-06-0125,TCGA-74-6581,TCGA-CS-6186,TCGA-02-0046
TCGA-06-0189,TCGA-06-A7TL,TCGA-06-A7TL,TCGA-28-1747,TCGA-HT-7476,TCGA-02-0047
TCGA-06-1800,TCGA-19-5950,TCGA-19-5950,TCGA-08-0389,TCGA-FG-7636,TCGA-02-0048
TCGA-27-1836,TCGA-76-6193,TCGA-76-6193,TCGA-28-5219,TCGA-DU-A7TI,TCGA-02-0051
TCGA-06-0129,TCGA-06-A6S0,TCGA-06-A6S0,TCGA-19-A60I,TCGA-QH-A6X5,TCGA-02-0052
TCGA-15-1449,TCGA-06-5858,TCGA-06-5858,TCGA-32-1980,TCGA-DB-A64L,TCGA-02-0054
TCGA-06-2565,TCGA-19-5953,TCGA-19-5953,TCGA-19-1385,TCGA-DB-5274,TCGA-02-0055
TCGA-76-4928,TCGA-76-6283,TCGA-76-6283,TCGA-06-1804,TCGA-TQ-A7RH,TCGA-02-0057
TCGA-19-1786,TCGA-74-6584,TCGA-74-6584,TCGA-06-2570,TCGA-HT-7475,TCGA-02-0058
TCGA-06-0190,TCGA-76-6661,TCGA-76-6661,TCGA-06-0208,TCGA-HT-A618,TCGA-02-0059
TCGA-08-0245,TCGA-41-5651,TCGA-41-5651,TCGA-02-0023,TCGA-FG-A4MU,TCGA-02-0060
TCGA-41-4097,TCGA-19-A6J4,TCGA-19-A6J4,TCGA-06-1802,TCGA-S9-A6UB,TCGA-02-0064
TCGA-02-0068,TCGA-28-5213,TCGA-28-5213,TCGA-06-0875,TCGA-HW-8322,TCGA-02-0068
TCGA-27-1833,TCGA-76-4931,TCGA-76-4931,TCGA-19-2625,TCGA-S9-A7J3,TCGA-02-0069
TCGA-08-0392,TCGA-19-5959,TCGA-19-5959,TCGA-06-2563,TCGA-DU-6407,TCGA-02-0070
TCGA-08-0357,TCGA-26-6173,TCGA-26-6173,TCGA-02-0028,TCGA-W9-A837,TCGA-02-0071
TCGA-28-5214,TCGA-15-1444,TCGA-15-1444,TCGA-06-0168,TCGA-QH-A65Z,TCGA-02-0074
TCGA-19-A6J4,TCGA-76-6191,TCGA-76-6191,TCGA-06-5414,TCGA-DU-6542,TCGA-02-0075
TCGA-41-3392,TCGA-06-0171,TCGA-06-0171,TCGA-06-0133,TCGA-TQ-A7RN,TCGA-02-0079
TCGA-12-0691,TCGA-06-6391,TCGA-06-6391,TCGA-12-1602,TCGA-HW-7493,TCGA-02-0080
TCGA-32-1982,TCGA-76-4932,TCGA-76-4932,TCGA-19-1787,TCGA-HT-8018,TCGA-02-0083
TCGA-19-A6J5,TCGA-06-A5U1,TCGA-06-A5U1,TCGA-06-A5U1,TCGA-HT-A74L,TCGA-02-0084
TCGA-19-5959,TCGA-06-0221,TCGA-06-0221,TCGA-14-1037,TCGA-HT-A5RB,TCGA-02-0085
TCGA-76-4931,TCGA-32-1979,TCGA-32-1979,TCGA-06-1801,TCGA-RY-A83Y,TCGA-02-0086
TCGA-06-5859,TCGA-12-5301,TCGA-12-5301,TCGA-76-6657,TCGA-S9-A7IX,TCGA-02-0087
TCGA-74-6573,TCGA-RR-A6KC,TCGA-RR-A6KC,TCGA-06-0178,TCGA-QH-A6CX,TCGA-02-0089
TCGA-06-1806,TCGA-06-1806,TCGA-06-1806,TCGA-06-0151,TCGA-WY-A85C,TCGA-02-0099
TCGA-14-0736,TCGA-26-5134,TCGA-26-5134,TCGA-26-1799,TCGA-CS-6666,TCGA-02-0102
TCGA-76-6664,TCGA-4W-AA9R,TCGA-4W-AA9R,TCGA-08-0346,TCGA-DU-6404,TCGA-02-0104
TCGA-06-0130,TCGA-06-A7TK,TCGA-06-A7TK,TCGA-16-1460,TCGA-F6-A8O3,TCGA-02-0106
TCGA-02-0116,TCGA-06-5408,TCGA-06-5408,TCGA-02-2470,TCGA-DU-A7TB,TCGA-02-0107
TCGA-06-0171,TCGA-76-6663,TCGA-76-6663,TCGA-08-0345,TCGA-S9-A7J1,TCGA-02-0111
TCGA-06-0156,TCGA-06-5410,TCGA-06-5410,TCGA-12-1088,TCGA-HT-7609,TCGA-02-0113
TCGA-32-5222,TCGA-14-0781,TCGA-14-0781,TCGA-06-A6S0,TCGA-P5-A733,TCGA-02-0114
TCGA-19-4065,TCGA-06-6389,TCGA-06-6389,TCGA-19-5958,TCGA-S9-A6WD,TCGA-02-0115
TCGA-19-5955,TCGA-32-5222,TCGA-32-5222,TCGA-28-1757,TCGA-WY-A858,TCGA-02-0116
TCGA-76-4927,TCGA-14-1450,TCGA-14-1450,TCGA-28-5211,TCGA-DH-A66B,TCGA-02-0258
TCGA-19-1790,TCGA-06-0211,TCGA-06-0211,TCGA-06-0190,TCGA-P5-A5F4,TCGA-02-0260
TCGA-19-5954,TCGA-12-5299,TCGA-12-5299,TCGA-06-0210,TCGA-HT-7879,TCGA-02-0266
TCGA-4W-AA9T,TCGA-06-6700,TCGA-06-6700,TCGA-06-0686,TCGA-VM-A8CA,TCGA-02-0269
TCGA-06-6694,TCGA-41-6646,TCGA-41-6646,TCGA-12-0829,TCGA-S9-A6WN,TCGA-02-0271
TCGA-12-3652,TCGA-26-A7UX,TCGA-26-A7UX,TCGA-4W-AA9T,TCGA-DU-A6S7,TCGA-02-0281
TCGA-19-2625,TCGA-RR-A6KA,TCGA-RR-A6KA,TCGA-14-0866,TCGA-HT-7485,TCGA-02-0285
TCGA-08-0373,TCGA-74-6575,TCGA-74-6575,TCGA-19-1791,TCGA-HT-8015,TCGA-02-0289
TCGA-26-1440,TCGA-74-6573,TCGA-74-6573,TCGA-02-0068,TCGA-DU-A5TP,TCGA-02-0290
TCGA-08-0353,TCGA-19-1389,TCGA-19-1389,TCGA-14-0783,TCGA-TQ-A7RM,TCGA-02-0317
TCGA-76-6282,TCGA-26-5133,TCGA-26-5133,TCGA-RR-A6KB,TCGA-CS-4943,TCGA-02-0321
TCGA-06-2566,TCGA-76-4935,TCGA-76-4935,TCGA-19-5951,TCGA-S9-A6TW,TCGA-02-0324
TCGA-32-4210,TCGA-19-5955,TCGA-19-5955,TCGA-15-1446,TCGA-DU-7014,TCGA-02-0325
TCGA-06-0126,TCGA-76-6192,TCGA-76-6192,TCGA-19-A6J4,TCGA-S9-A6WP,TCGA-02-0326
TCGA-19-2619,TCGA-06-6697,TCGA-06-6697,TCGA-41-5651,TCGA-RY-A83X,TCGA-02-0330
TCGA-08-0352,TCGA-76-6664,TCGA-76-6664,TCGA-06-0173,TCGA-DH-A66D,TCGA-02-0332
TCGA-76-6283,TCGA-06-6701,TCGA-06-6701,TCGA-15-1447,TCGA-HT-7611,TCGA-02-0333
TCGA-06-6698,TCGA-19-0957,TCGA-19-0957,TCGA-19-5950,TCGA-HT-7677,TCGA-02-0337
TCGA-OX-A56R,TCGA-26-5139,TCGA-26-5139,TCGA-76-4931,TCGA-DB-5275,TCGA-02-0338
TCGA-06-5416,TCGA-06-0152,TCGA-06-0152,TCGA-02-0051,TCGA-DU-5854,TCGA-02-0339
TCGA-08-0350,TCGA-06-6390,TCGA-06-6390,TCGA-02-0015,TCGA-DU-8162,TCGA-02-0422
TCGA-06-0877,TCGA-06-5859,TCGA-06-5859,TCGA-06-0877,TCGA-P5-A72Z,TCGA-02-0430
TCGA-06-6701,TCGA-06-5418,TCGA-06-5418,TCGA-28-1746,TCGA-DU-A7TC,TCGA-02-0432
TCGA-08-0345,TCGA-76-4934,TCGA-76-4934,TCGA-02-0064,TCGA-FG-7638,TCGA-02-0439
TCGA-19-2620,TCGA-19-5956,TCGA-19-5956,TCGA-19-0962,TCGA-FG-6690,TCGA-02-0440
TCGA-19-1390,TCGA-28-2501,TCGA-28-2501,TCGA-14-1395,TCGA-TM-A7C3,TCGA-02-0446
TCGA-06-0125,TCGA-28-2510,TCGA-28-2510,TCGA-02-2466,TCGA-CS-5396,TCGA-02-0451
TCGA-06-6390,TCGA-06-5413,TCGA-06-5413,TCGA-16-0848,TCGA-HT-A74K,TCGA-02-0456
TCGA-06-0939,TCGA-26-5136,TCGA-26-5136,TCGA-06-0188,TCGA-DB-5276,TCGA-02-2466
TCGA-06-1084,TCGA-87-5896,TCGA-87-5896,TCGA-06-0125,TCGA-FG-7641,TCGA-02-2470
TCGA-19-5947,TCGA-81-5911,TCGA-81-5911,TCGA-02-0021,TCGA-HT-7693,TCGA-02-2483
TCGA-32-1970,TCGA-26-1442,TCGA-26-1442,TCGA-06-0129,TCGA-DB-A4X9,TCGA-02-2485
TCGA-28-1747,TCGA-28-6450,TCGA-28-6450,TCGA-74-6584,TCGA-DH-A7UU,TCGA-02-2486
TCGA-08-0390,TCGA-28-5204,TCGA-28-5204,TCGA-4W-AA9S,TCGA-TM-A84R,TCGA-06-0119
TCGA-19-1386,TCGA-06-A6S1,TCGA-06-A6S1,TCGA-32-2632,TCGA-VM-A8C8,TCGA-06-0122
TCGA-08-0347,TCGA-06-5412,TCGA-06-5412,TCGA-06-0165,TCGA-TM-A84F,TCGA-06-0124
TCGA-06-2557,TCGA-19-5947,TCGA-19-5947,TCGA-76-6193,TCGA-CS-5395,TCGA-06-0125
TCGA-14-0813,TCGA-76-4929,TCGA-76-4929,TCGA-08-0352,TCGA-VV-A86M,TCGA-06-0126
TCGA-08-0344,TCGA-19-5952,TCGA-19-5952,TCGA-12-0821,TCGA-DU-8163,TCGA-06-0127
TCGA-06-5858,TCGA-28-5215,TCGA-28-5215,TCGA-14-1794,TCGA-QH-A6X8,TCGA-06-0128
TCGA-08-0351,TCGA-14-1043,TCGA-14-1043,TCGA-76-6661,TCGA-HT-7692,TCGA-06-0129
TCGA-27-1830,TCGA-06-A5U0,TCGA-06-A5U0,TCGA-28-1749,TCGA-FG-7634,TCGA-06-0130
TCGA-74-6577,TCGA-06-5415,TCGA-06-5415,TCGA-06-0237,TCGA-FG-A6J1,TCGA-06-0131
TCGA-06-6699,TCGA-06-6694,TCGA-06-6694,TCGA-12-1097,TCGA-DB-A4XA,TCGA-06-0132
TCGA-06-2559,TCGA-06-0650,TCGA-06-0650,TCGA-06-A7TL,TCGA-HT-7884,TCGA-06-0133
TCGA-76-4929,TCGA-28-5214,TCGA-28-5214,TCGA-06-2564,TCGA-HT-8011,TCGA-06-0137
TCGA-27-1834,TCGA-06-5417,TCGA-06-5417,TCGA-06-0747,TCGA-R8-A6ML,TCGA-06-0138
TCGA-41-3915,TCGA-26-5135,TCGA-26-5135,TCGA-14-0790,TCGA-HT-7874,TCGA-06-0139
TCGA-32-1978,TCGA-26-5132,TCGA-26-5132,TCGA-27-1832,TCGA-KT-A74X,TCGA-06-0140
TCGA-08-0346,TCGA-OX-A56R,TCGA-OX-A56R,TCGA-19-2624,TCGA-HT-7467,TCGA-06-0141
TCGA-06-0876,TCGA-19-A6J5,TCGA-19-A6J5,TCGA-08-0350,TCGA-HT-A615,TCGA-06-0142
TCGA-12-5295,TCGA-28-5209,TCGA-28-5209,TCGA-12-0619,TCGA-S9-A6TY,TCGA-06-0143
TCGA-08-0354,TCGA-06-6693,TCGA-06-6693,TCGA-06-5858,TCGA-S9-A7IY,TCGA-06-0145
TCGA-28-1752,TCGA-28-5220,TCGA-28-5220,TCGA-12-1598,TCGA-S9-A89Z,TCGA-06-0146
TCGA-08-0375,TCGA-74-6578,TCGA-74-6578,TCGA-32-2615,TCGA-S9-A6U2,TCGA-06-0147
TCGA-19-5956,TCGA-28-5208,TCGA-28-5208,TCGA-06-0137,TCGA-WH-A86K,TCGA-06-0148
TCGA-19-2631,TCGA-19-5954,TCGA-19-5954,TCGA-76-6662,TCGA-WY-A85B,TCGA-06-0149
TCGA-06-A7TL,TCGA-19-5960,TCGA-19-5960,TCGA-06-2565,TCGA-HT-7610,TCGA-06-0150
TCGA-26-1442,TCGA-06-5416,TCGA-06-5416,TCGA-06-0192,TCGA-FG-7643,TCGA-06-0151
TCGA-06-6695,TCGA-14-1402,TCGA-14-1402,TCGA-08-0359,TCGA-DU-6399,TCGA-06-0152
TCGA-02-2485,TCGA-19-4065,TCGA-19-4065,TCGA-12-0773,TCGA-E1-5303,TCGA-06-0154
TCGA-02-0014,TCGA-06-6695,TCGA-06-6695,TCGA-14-3477,TCGA-TM-A7C5,TCGA-06-0155
TCGA-06-2563,TCGA-06-AABW,TCGA-06-AABW,TCGA-12-0620,TCGA-DB-A4XG,TCGA-06-0156
TCGA-32-1987,TCGA-76-4928,TCGA-76-4928,TCGA-19-5953,TCGA-P5-A781,TCGA-06-0157
TCGA-76-6656,TCGA-76-4926,TCGA-76-4926,TCGA-76-6283,TCGA-DU-7019,TCGA-06-0158
TCGA-28-1760,TCGA-76-6660,TCGA-76-6660,TCGA-06-1084,TCGA-DH-A66G,TCGA-06-0159
TCGA-19-1791,TCGA-74-6577,TCGA-74-6577,TCGA-28-2513,TCGA-HT-7471,TCGA-06-0160
TCGA-81-5910,TCGA-76-6286,TCGA-76-6286,TCGA-06-0649,TCGA-TQ-A7RP,TCGA-06-0162
TCGA-06-A5U0,TCGA-14-0740,TCGA-14-0740,TCGA-16-0850,TCGA-HT-8104,TCGA-06-0164
TCGA-06-1805,TCGA-14-0736,TCGA-14-0736,TCGA-02-0083,TCGA-DU-7300,TCGA-06-0165
TCGA-76-4926,TCGA-26-6174,TCGA-26-6174,TCGA-28-5213,TCGA-DB-A64P,TCGA-06-0166
TCGA-19-5953,TCGA-81-5910,TCGA-81-5910,TCGA-27-2527,TCGA-DU-A5TU,TCGA-06-0167
TCGA-12-1598,TCGA-28-5218,TCGA-28-5218,TCGA-02-0057,TCGA-DU-7007,TCGA-06-0168
TCGA-06-2570,TCGA-76-4927,TCGA-76-4927,TCGA-27-1830,TCGA-DU-7010,TCGA-06-0169
TCGA-06-6391,TCGA-76-6280,TCGA-76-6280,TCGA-16-1062,TCGA-P5-A5EV,TCGA-06-0171
TCGA-12-3646,TCGA-06-6388,TCGA-06-6388,TCGA-19-5959,TCGA-HW-A5KJ,TCGA-06-0173
TCGA-RR-A6KB,TCGA-14-0862,TCGA-14-0862,TCGA-76-6191,TCGA-VM-A8CH,TCGA-06-0174
TCGA-27-2528,TCGA-76-6285,TCGA-76-6285,TCGA-06-0881,TCGA-TQ-A7RV,TCGA-06-0175
TCGA-06-0238,TCGA-12-5295,TCGA-12-5295,TCGA-14-1829,TCGA-P5-A737,TCGA-06-0176
TCGA-06-0878,TCGA-06-6699,TCGA-06-6699,TCGA-27-1834,TCGA-E1-A7Z6,TCGA-06-0177
TCGA-4W-AA9S,TCGA-76-6656,TCGA-76-6656,TCGA-14-0867,TCGA-DU-8166,TCGA-06-0178
TCGA-26-5134,TCGA-28-5207,TCGA-28-5207,TCGA-06-6391,TCGA-R8-A6MO,TCGA-06-0179
TCGA-19-1789,TCGA-76-6282,TCGA-76-6282,TCGA-12-3648,TCGA-HT-7483,TCGA-06-0182
TCGA-06-6700,TCGA-76-4925,TCGA-76-4925,TCGA-12-0772,TCGA-DU-8165,TCGA-06-0184
TCGA-76-6663,TCGA-06-6698,TCGA-06-6698,TCGA-08-0390,TCGA-DU-A5TY,TCGA-06-0185
TCGA-06-0875,NA,NA,TCGA-06-0197,TCGA-E1-5319,TCGA-06-0187
TCGA-19-1389,NA,NA,TCGA-06-5856,TCGA-TQ-A7RW,TCGA-06-0188
TCGA-19-1392,NA,NA,TCGA-12-3650,TCGA-HT-A4DS,TCGA-06-0189
TCGA-15-1447,NA,NA,TCGA-02-0034,TCGA-DU-7292,TCGA-06-0190
TCGA-06-5414,NA,NA,TCGA-12-0778,TCGA-S9-A6U8,TCGA-06-0192
TCGA-26-6174,NA,NA,TCGA-06-0126,TCGA-DU-7011,TCGA-06-0194
TCGA-08-0349,NA,NA,TCGA-06-0221,TCGA-VM-A8CE,TCGA-06-0195
TCGA-06-1087,NA,NA,TCGA-06-1806,TCGA-DU-8158,TCGA-06-0197
TCGA-19-5960,NA,NA,TCGA-32-1979,TCGA-CS-5390,TCGA-06-0201
TCGA-02-0011,NA,NA,TCGA-14-0817,TCGA-E1-A7YV,TCGA-06-0206
TCGA-08-0380,NA,NA,TCGA-02-0048,TCGA-DU-6393,TCGA-06-0208
TCGA-76-4932,NA,NA,TCGA-12-5301,TCGA-DH-5142,TCGA-06-0209
TCGA-28-1746,NA,NA,TCGA-RR-A6KC,TCGA-DB-A64Q,TCGA-06-0210
TCGA-12-3651,NA,NA,TCGA-08-0347,TCGA-CS-6665,TCGA-06-0211
TCGA-26-5133,NA,NA,TCGA-12-3649,TCGA-HT-7681,TCGA-06-0213
TCGA-06-0650,NA,NA,TCGA-27-2523,TCGA-DU-7304,TCGA-06-0214
TCGA-06-5408,NA,NA,TCGA-19-1387,TCGA-E1-5322,TCGA-06-0216
TCGA-14-1034,NA,NA,TCGA-02-0115,TCGA-CS-5394,TCGA-06-0219
TCGA-16-0846,NA,NA,TCGA-26-5134,TCGA-HT-8563,TCGA-06-0221
TCGA-08-0356,NA,NA,TCGA-06-1800,TCGA-P5-A5EW,TCGA-06-0237
TCGA-26-5132,NA,NA,TCGA-02-0009,TCGA-DB-A4XF,TCGA-06-0238
TCGA-28-1757,NA,NA,TCGA-06-0201,TCGA-DU-7306,TCGA-06-0240
TCGA-06-0644,NA,NA,TCGA-27-2518,TCGA-TM-A84T,TCGA-06-0241
TCGA-06-6388,NA,NA,TCGA-06-0155,TCGA-HT-A614,TCGA-06-0394
TCGA-19-A60I,NA,NA,TCGA-19-0955,TCGA-HT-7860,TCGA-06-0397
TCGA-76-6657,NA,NA,TCGA-14-0812,TCGA-S9-A7R7,TCGA-06-0402
TCGA-06-5411,NA,NA,TCGA-06-A7TK,TCGA-VV-A829,TCGA-06-0409
TCGA-06-2564,NA,NA,TCGA-06-2558,TCGA-S9-A7IS,TCGA-06-0410
TCGA-27-2518,NA,NA,TCGA-06-5408,TCGA-FG-8186,TCGA-06-0412
TCGA-32-1976,NA,NA,TCGA-08-0380,TCGA-DU-7006,TCGA-06-0413
TCGA-12-3653,NA,NA,TCGA-15-1444,TCGA-R8-A6YH,TCGA-06-0414
TCGA-06-A6S1,NA,NA,TCGA-02-0079,TCGA-VM-A8CD,TCGA-06-0644
TCGA-28-2501,NA,NA,TCGA-28-2514,TCGA-S9-A6WH,TCGA-06-0645
TCGA-19-5950,NA,NA,TCGA-02-0011,TCGA-HT-7608,TCGA-06-0646
TCGA-06-2558,NA,NA,TCGA-12-3644,TCGA-DU-A76K,TCGA-06-0648
TCGA-12-3649,NA,NA,TCGA-08-0375,TCGA-DH-5144,TCGA-06-0649
TCGA-06-0128,NA,NA,TCGA-02-0033,TCGA-S9-A6TX,TCGA-06-0650
TCGA-02-0004,NA,NA,TCGA-41-3392,TCGA-S9-A89V,TCGA-06-0686
TCGA-19-5952,NA,NA,TCGA-27-1835,TCGA-TQ-A7RQ,TCGA-06-0743
TCGA-32-1986,NA,NA,TCGA-87-5896,TCGA-E1-A7YW,TCGA-06-0744
TCGA-06-5856,NA,NA,TCGA-19-1386,TCGA-DU-A5TT,TCGA-06-0745
TCGA-06-1802,NA,NA,TCGA-12-1095,TCGA-HT-7882,TCGA-06-0747
TCGA-06-0882,NA,NA,TCGA-06-2561,TCGA-FG-A60J,TCGA-06-0749
TCGA-06-5413,NA,NA,TCGA-32-2616,TCGA-HT-7686,TCGA-06-0750
TCGA-06-0210,NA,NA,TCGA-12-1090,TCGA-TM-A84S,TCGA-06-0875
TCGA-06-0152,NA,NA,TCGA-06-0124,TCGA-HT-8113,TCGA-06-0876
TCGA-27-1832,NA,NA,TCGA-81-5910,TCGA-E1-A7YJ,TCGA-06-0877
TCGA-08-0389,NA,NA,TCGA-06-0646,TCGA-FG-8188,TCGA-06-0878
TCGA-12-1597,NA,NA,TCGA-14-1459,TCGA-HT-7875,TCGA-06-0879
TCGA-08-0358,NA,NA,TCGA-02-0010,TCGA-DB-A4XE,TCGA-06-0881
TCGA-06-1804,NA,NA,TCGA-02-0024,TCGA-FG-A6IZ,TCGA-06-0882
TCGA-08-0360,NA,NA,TCGA-06-0211,TCGA-VW-A8FI,TCGA-06-0939
TCGA-76-6662,NA,NA,TCGA-19-0960,TCGA-DU-A7TG,TCGA-06-1084
TCGA-12-5301,NA,NA,TCGA-14-0787,TCGA-HT-7689,TCGA-06-1086
TCGA-06-5417,NA,NA,TCGA-06-0882,TCGA-FG-6689,TCGA-06-1087
TCGA-41-2575,NA,NA,TCGA-19-1789,TCGA-P5-A5ET,TCGA-06-1800
TCGA-06-2562,NA,NA,TCGA-28-2502,TCGA-E1-5311,TCGA-06-1801
TCGA-76-6661,NA,NA,TCGA-02-0099,TCGA-TM-A84C,TCGA-06-1802
TCGA-16-1460,NA,NA,TCGA-26-1440,TCGA-HT-7482,TCGA-06-1804
TCGA-28-5208,NA,NA,TCGA-28-6450,TCGA-HW-8319,TCGA-06-1805
TCGA-12-1599,NA,NA,TCGA-12-0780,TCGA-E1-A7YO,TCGA-06-1806
TCGA-14-0871,NA,NA,TCGA-02-0001,TCGA-P5-A72X,TCGA-06-2557
TCGA-06-A6S0,NA,NA,TCGA-06-1087,TCGA-S9-A7IZ,TCGA-06-2558
TCGA-02-0003,NA,NA,TCGA-02-0052,TCGA-E1-A7YY,TCGA-06-2559
TCGA-06-0155,NA,NA,TCGA-06-6700,TCGA-FG-A70Y,TCGA-06-2561
TCGA-76-6193,NA,NA,TCGA-28-1752,TCGA-FG-8189,TCGA-06-2562
TCGA-19-5958,NA,NA,TCGA-02-0086,TCGA-FG-A60L,TCGA-06-2563
TCGA-08-0355,NA,NA,TCGA-02-0003,TCGA-DU-8164,TCGA-06-2564
TCGA-15-1446,NA,NA,TCGA-14-0813,TCGA-DU-A6S6,TCGA-06-2565
TCGA-4W-AA9R,NA,NA,TCGA-06-0184,TCGA-DB-A64R,TCGA-06-2566
TCGA-32-1991,NA,NA,TCGA-12-0769,TCGA-QH-A870,TCGA-06-2567
TCGA-06-1086,NA,NA,TCGA-32-2634,TCGA-HT-7881,TCGA-06-2569
TCGA-06-5415,NA,NA,TCGA-14-0862,TCGA-FG-A4MW,TCGA-06-2570
TCGA-19-1788,NA,NA,TCGA-76-6285,TCGA-TQ-A7RS,TCGA-06-5408
TCGA-76-6285,NA,NA,TCGA-12-0822,TCGA-QH-A65S,TCGA-06-5410
TCGA-08-0348,NA,NA,TCGA-02-0043,TCGA-S9-A6U6,TCGA-06-5411
TCGA-06-0154,NA,NA,TCGA-12-0826,TCGA-P5-A780,TCGA-06-5412
TCGA-RR-A6KC,NA,NA,TCGA-06-5412,TCGA-FG-A4MT,TCGA-06-5413
TCGA-74-6575,NA,NA,TCGA-74-6575,TCGA-DU-7013,TCGA-06-5414
TCGA-06-2567,NA,NA,TCGA-28-5220,TCGA-DU-7299,TCGA-06-5415
TCGA-06-5412,NA,NA,TCGA-06-1805,TCGA-S9-A7J0,TCGA-06-5416
TCGA-41-3393,NA,NA,TCGA-12-0819,TCGA-TM-A84B,TCGA-06-5417
TCGA-06-0879,NA,NA,TCGA-14-1458,TCGA-TQ-A7RK,TCGA-06-5418
TCGA-02-2470,NA,NA,TCGA-06-0216,TCGA-HT-7691,TCGA-06-5856
TCGA-14-1823,NA,NA,TCGA-28-5215,TCGA-P5-A736,TCGA-06-5858
TCGA-41-5651,NA,NA,TCGA-06-0213,TCGA-QH-A6CY,TCGA-06-5859
TCGA-41-6646,NA,NA,TCGA-06-5416,TCGA-TM-A84Q,TCGA-06-6388
TCGA-06-6697,NA,NA,TCGA-28-5207,TCGA-QH-A65R,TCGA-06-6389
TCGA-26-6173,NA,NA,TCGA-14-2555,TCGA-P5-A5F1,TCGA-06-6390
TCGA-19-4068,NA,NA,TCGA-12-1091,TCGA-QH-A6X3,TCGA-06-6391
TCGA-06-0221,NA,NA,TCGA-06-0145,TCGA-TM-A7C4,TCGA-06-6693
TCGA-74-6578,NA,NA,TCGA-16-0846,TCGA-DU-7012,TCGA-06-6694
TCGA-06-5418,NA,NA,TCGA-12-0654,TCGA-DU-5870,TCGA-06-6695
TCGA-06-A5U1,NA,NA,TCGA-06-0159,TCGA-DB-5270,TCGA-06-6697
TCGA-08-0385,NA,NA,TCGA-76-6282,TCGA-HT-8114,TCGA-06-6698
TCGA-76-6660,NA,NA,TCGA-14-1402,TCGA-DB-A64W,TCGA-06-6699
TCGA-19-5951,NA,NA,TCGA-76-4935,TCGA-DH-A7UT,TCGA-06-6700
,NA,NA,TCGA-06-0166,TCGA-HT-A5RC,TCGA-06-6701
,NA,NA,TCGA-06-0238,TCGA-P5-A730,TCGA-06-A5U0
,NA,NA,TCGA-06-0130,TCGA-HT-7857,TCGA-06-A5U1
,NA,NA,TCGA-08-0353,TCGA-DU-A7TA,TCGA-06-A6S0
,NA,NA,TCGA-14-2554,TCGA-RY-A840,TCGA-06-A6S1
,NA,NA,TCGA-32-2494,TCGA-R8-A73M,TCGA-06-A7TK
NA,NA,NA,TCGA-76-4925,TCGA-S9-A6WO,TCGA-06-A7TL
NA,NA,NA,TCGA-19-5956,TCGA-DU-6406,TCGA-08-0244
NA,NA,NA,TCGA-19-5955,TCGA-HT-8108,TCGA-08-0245
NA,NA,NA,TCGA-32-1977,TCGA-S9-A6WM,TCGA-08-0246
NA,NA,NA,TCGA-19-1390,TCGA-DU-5852,TCGA-08-0344
NA,NA,NA,TCGA-06-6697,TCGA-S9-A6U9,TCGA-08-0345
NA,NA,NA,TCGA-06-0876,TCGA-HW-7489,TCGA-08-0346
NA,NA,NA,TCGA-32-2491,TCGA-DU-7009,TCGA-08-0347
NA,NA,NA,TCGA-15-1449,TCGA-DU-7015,TCGA-08-0348
NA,NA,NA,TCGA-12-3646,TCGA-FG-6691,TCGA-08-0349
NA,NA,NA,TCGA-06-0154,TCGA-FG-6688,TCGA-08-0350
NA,NA,NA,TCGA-06-5410,TCGA-HW-7491,TCGA-08-0351
NA,NA,NA,TCGA-28-5214,TCGA-DB-5278,TCGA-08-0352
NA,NA,NA,TCGA-12-0775,TCGA-HT-7880,TCGA-08-0353
NA,NA,NA,TCGA-08-0344,TCGA-DB-A4XB,TCGA-08-0354
NA,NA,NA,TCGA-81-5911,TCGA-HT-7854,TCGA-08-0355
NA,NA,NA,TCGA-12-0820,TCGA-DU-6401,TCGA-08-0356
NA,NA,NA,TCGA-28-1750,TCGA-DB-A75M,TCGA-08-0357
NA,NA,NA,TCGA-74-6577,TCGA-HW-8320,TCGA-08-0358
NA,NA,NA,TCGA-14-1450,TCGA-HT-8019,TCGA-08-0359
NA,NA,NA,TCGA-06-0138,TCGA-HW-7490,TCGA-08-0360
NA,NA,NA,TCGA-14-1823,TCGA-E1-5302,TCGA-08-0373
NA,NA,NA,TCGA-12-5299,TCGA-HT-A619,TCGA-08-0375
NA,NA,NA,TCGA-19-0957,TCGA-HT-7856,TCGA-08-0380
NA,NA,NA,TCGA-OX-A56R,TCGA-TM-A7CA,TCGA-08-0385
NA,NA,NA,TCGA-28-1753,TCGA-HT-8564,TCGA-08-0386
NA,NA,NA,TCGA-06-0648,TCGA-P5-A5EZ,TCGA-08-0389
NA,NA,NA,TCGA-02-0069,TCGA-S9-A6U1,TCGA-08-0390
NA,NA,NA,TCGA-06-2559,TCGA-DU-6396,TCGA-08-0392
NA,NA,NA,TCGA-16-0861,TCGA-HT-8110,TCGA-08-0509
NA,NA,NA,TCGA-28-5209,TCGA-CS-4944,TCGA-08-0510
NA,NA,NA,TCGA-02-0114,TCGA-FG-8181,TCGA-08-0511
NA,NA,NA,TCGA-14-1396,TCGA-DU-7309,TCGA-08-0512
NA,NA,NA,TCGA-08-0244,TCGA-QH-A6CW,TCGA-08-0514
NA,NA,NA,TCGA-06-0214,TCGA-DU-7302,TCGA-08-0516
NA,NA,NA,TCGA-12-3652,TCGA-QH-A6CV,TCGA-08-0517
NA,NA,NA,TCGA-26-5139,TCGA-DU-6395,TCGA-08-0518
NA,NA,NA,TCGA-02-0006,TCGA-HT-A5R9,TCGA-08-0520
NA,NA,NA,TCGA-02-0025,TCGA-HT-A4DV,TCGA-08-0521
NA,NA,NA,TCGA-12-0615,TCGA-CS-4941,TCGA-08-0522
NA,NA,NA,TCGA-16-1047,TCGA-QH-A6X9,TCGA-08-0524
NA,NA,NA,TCGA-06-0150,TCGA-DU-A6S8,TCGA-08-0525
NA,NA,NA,TCGA-32-1976,TCGA-DB-5277,TCGA-08-0529
NA,NA,NA,TCGA-06-0128,TCGA-P5-A5EU,TCGA-08-0531
NA,NA,NA,TCGA-06-0645,TCGA-P5-A5F2,TCGA-12-0615
NA,NA,NA,TCGA-76-6656,TCGA-QH-A6CZ,TCGA-12-0616
NA,NA,NA,TCGA-74-6573,TCGA-DU-7008,TCGA-12-0618
NA,NA,NA,TCGA-19-1389,TCGA-DU-6400,TCGA-12-0619
NA,NA,NA,TCGA-28-1751,TCGA-TQ-A7RF,TCGA-12-0620
NA,NA,NA,TCGA-26-5133,TCGA-HT-7472,TCGA-12-0653
NA,NA,NA,TCGA-08-0349,TCGA-DU-7294,TCGA-12-0654
NA,NA,NA,TCGA-16-1045,TCGA-S9-A7QX,TCGA-12-0656
NA,NA,NA,TCGA-06-1086,TCGA-DB-5280,TCGA-12-0657
NA,NA,NA,TCGA-06-A5U0,TCGA-CS-6667,TCGA-12-0662
NA,NA,NA,TCGA-02-0071,TCGA-FG-A87N,TCGA-12-0670
NA,NA,NA,TCGA-19-2623,TCGA-S9-A7QY,TCGA-12-0688
NA,NA,NA,TCGA-02-0070,TCGA-E1-A7YH,TCGA-12-0691
NA,NA,NA,TCGA-14-1795,TCGA-HT-A5R5,TCGA-12-0692
NA,NA,NA,TCGA-06-0142,TCGA-E1-A7YS,TCGA-12-0703
NA,NA,NA,TCGA-14-4157,TCGA-DB-A64V,TCGA-12-0707
NA,NA,NA,TCGA-19-2631,TCGA-HT-7473,TCGA-12-0769
NA,NA,NA,TCGA-32-4213,TCGA-CS-6670,TCGA-12-0772
NA,NA,NA,TCGA-32-1973,TCGA-RY-A847,TCGA-12-0773
NA,NA,NA,TCGA-41-2572,TCGA-DB-A64S,TCGA-12-0775
NA,NA,NA,TCGA-14-1451,TCGA-HT-7606,TCGA-12-0776
NA,NA,NA,TCGA-26-1439,TCGA-DU-A7T6,TCGA-12-0778
NA,NA,NA,TCGA-41-3393,TCGA-DU-7018,TCGA-12-0780
NA,NA,NA,TCGA-28-2510,TCGA-S9-A6WE,TCGA-12-0818
NA,NA,NA,TCGA-41-4097,TCGA-HT-7855,TCGA-12-0819
NA,NA,NA,TCGA-12-1601,TCGA-S9-A6TU,TCGA-12-0820
NA,NA,NA,TCGA-32-4211,TCGA-DU-A76R,TCGA-12-0821
NA,NA,NA,TCGA-16-1048,TCGA-HT-7479,TCGA-12-0822
NA,NA,NA,TCGA-06-0176,TCGA-WY-A85E,TCGA-12-0826
NA,NA,NA,TCGA-14-1821,TCGA-E1-A7Z3,TCGA-12-0827
NA,NA,NA,TCGA-02-0074,TCGA-TM-A84L,TCGA-12-0828
NA,NA,NA,TCGA-06-0750,TCGA-P5-A735,TCGA-12-0829
NA,NA,NA,TCGA-26-5136,TCGA-DU-6392,TCGA-12-1088
NA,NA,NA,TCGA-19-1392,TCGA-QH-A6CU,TCGA-12-1089
NA,NA,NA,TCGA-41-2573,TCGA-E1-A7YI,TCGA-12-1090
NA,NA,NA,TCGA-14-1827,TCGA-HT-8107,TCGA-12-1091
NA,NA,NA,TCGA-06-0160,TCGA-DH-A66F,TCGA-12-1092
NA,NA,NA,TCGA-28-1755,TCGA-HT-7474,TCGA-12-1093
NA,NA,NA,TCGA-19-1388,TCGA-S9-A6UA,TCGA-12-1094
NA,NA,NA,TCGA-14-0781,TCGA-HT-7858,TCGA-12-1095
NA,NA,NA,TCGA-06-6701,TCGA-R8-A6MK,TCGA-12-1096
NA,NA,NA,TCGA-32-1982,TCGA-P5-A5F0,TCGA-12-1097
NA,NA,NA,TCGA-08-0246,TCGA-S9-A6WL,TCGA-12-1098
NA,NA,NA,TCGA-26-5135,TCGA-S9-A6TS,TCGA-12-1099
NA,NA,NA,TCGA-12-0688,TCGA-S9-A6TV,TCGA-12-1597
NA,NA,NA,TCGA-27-1831,TCGA-EZ-7264,TCGA-12-1598
NA,NA,NA,TCGA-06-0141,TCGA-HT-7602,TCGA-12-1599
NA,NA,NA,TCGA-06-0132,TCGA-S9-A7R2,TCGA-12-1600
NA,NA,NA,TCGA-41-2571,TCGA-HT-8558,TCGA-12-1601
NA,NA,NA,TCGA-02-2486,TCGA-WY-A85A,TCGA-12-1602
NA,NA,NA,TCGA-12-1092,TCGA-FG-5964,TCGA-12-3644
NA,NA,NA,TCGA-14-1455,TCGA-HT-7694,TCGA-12-3646
NA,NA,NA,TCGA-26-1442,TCGA-DU-A5TR,TCGA-12-3648
NA,NA,NA,TCGA-06-0219,TCGA-CS-6290,TCGA-12-3649
NA,NA,NA,TCGA-06-0147,TCGA-DU-A7TD,TCGA-12-3650
NA,NA,NA,TCGA-41-6646,TCGA-S9-A7QZ,TCGA-12-3651
NA,NA,NA,TCGA-06-0240,TCGA-HW-7487,TCGA-12-3652
NA,NA,NA,TCGA-06-0743,TCGA-TM-A84I,TCGA-12-3653
NA,NA,NA,TCGA-06-0644,TCGA-TM-A84M,TCGA-12-5295
NA,NA,NA,TCGA-06-A6S1,TCGA-TM-A84O,TCGA-12-5299
NA,NA,NA,TCGA-02-0080,TCGA-FG-A4MY,TCGA-12-5301
NA,NA,NA,TCGA-06-0122,TCGA-HT-7616,TCGA-14-0736
NA,NA,NA,TCGA-02-0007,TCGA-HW-A5KK,TCGA-14-0740
NA,NA,NA,TCGA-02-0046,TCGA-TQ-A7RI,TCGA-14-0781
NA,NA,NA,TCGA-12-0692,TCGA-HT-7684,TCGA-14-0783
NA,NA,NA,TCGA-74-6578,TCGA-E1-A7YE,TCGA-14-0786
NA,NA,NA,TCGA-12-5295,TCGA-HT-8109,TCGA-14-0787
NA,NA,NA,TCGA-06-0143,TCGA-P5-A72U,TCGA-14-0789
NA,NA,NA,TCGA-28-2509,TCGA-FG-A710,TCGA-14-0790
NA,NA,NA,TCGA-32-1986,TCGA-HT-7690,TCGA-14-0812
NA,NA,NA,TCGA-14-1456,TCGA-DU-A5TS,TCGA-14-0813
NA,NA,NA,TCGA-28-2506,TCGA-FG-8191,TCGA-14-0817
NA,NA,NA,TCGA-06-5415,TCGA-DU-7298,TCGA-14-0862
NA,NA,NA,TCGA-02-0055,TCGA-DU-8161,TCGA-14-0865
NA,NA,NA,TCGA-14-1401,TCGA-RY-A845,TCGA-14-0866
NA,NA,NA,TCGA-08-0351,TCGA-QH-A6CS,TCGA-14-0867
NA,NA,NA,TCGA-19-0963,TCGA-HW-7486,TCGA-14-0871
NA,NA,NA,TCGA-14-0736,TCGA-E1-5318,TCGA-14-1034
NA,NA,NA,TCGA-06-2569,TCGA-DU-7301,TCGA-14-1037
NA,NA,NA,TCGA-06-0167,TCGA-QH-A6XA,TCGA-14-1043
NA,NA,NA,TCGA-12-0616,TCGA-HT-7873,TCGA-14-1395
NA,NA,NA,TCGA-27-1838,TCGA-DB-A4XD,TCGA-14-1396
NA,NA,NA,TCGA-26-6174,TCGA-HW-A5KL,TCGA-14-1401
NA,NA,NA,TCGA-14-0786,TCGA-S9-A6WQ,TCGA-14-1402
NA,NA,NA,TCGA-06-6698,TCGA-FG-8187,TCGA-14-1450
NA,NA,NA,TCGA-02-0039,TCGA-P5-A77W,TCGA-14-1451
NA,NA,NA,TCGA-12-1094,TCGA-CS-6669,TCGA-14-1452
NA,NA,NA,TCGA-06-2566,TCGA-TQ-A7RR,TCGA-14-1453
NA,NA,NA,TCGA-06-2567,TCGA-FG-8182,TCGA-14-1454
NA,NA,NA,TCGA-28-1756,TCGA-HT-7469,TCGA-14-1455
NA,NA,NA,TCGA-02-0026,TCGA-DU-5853,TCGA-14-1456
NA,NA,NA,TCGA-19-0964,TCGA-HT-7468,TCGA-14-1458
NA,NA,NA,TCGA-76-6663,TCGA-HT-8106,TCGA-14-1459
NA,NA,NA,TCGA-08-0348,TCGA-DU-6403,TCGA-14-1794
NA,NA,NA,TCGA-16-1055,TCGA-HT-7603,TCGA-14-1795
NA,NA,NA,TCGA-02-0059,TCGA-HT-7902,TCGA-14-1821
NA,NA,NA,TCGA-02-0038,TCGA-QH-A65V,TCGA-14-1823
NA,NA,NA,TCGA-02-0027,TCGA-DB-A64O,TCGA-14-1825
NA,NA,NA,TCGA-06-6389,TCGA-FG-6692,TCGA-14-1827
NA,NA,NA,TCGA-28-5218,TCGA-HT-7680,TCGA-14-1829
NA,NA,NA,TCGA-02-2485,TCGA-S9-A6U0,TCGA-14-2554
NA,NA,NA,TCGA-19-A6J5,TCGA-DU-6402,TCGA-14-2555
NA,NA,NA,TCGA-16-1063,TCGA-QH-A86X,TCGA-14-3476
NA,NA,NA,TCGA-06-0744,TCGA-FG-5963,TCGA-14-3477
NA,NA,NA,TCGA-26-1443,TCGA-DB-A4XH,TCGA-14-4157
NA,NA,NA,TCGA-76-6286,TCGA-DB-A75K,TCGA-15-0742
NA,NA,NA,TCGA-06-0127,TCGA-DU-7290,TCGA-15-1444
NA,NA,NA,TCGA-26-A7UX,TCGA-DU-5849,TCGA-15-1446
NA,NA,NA,TCGA-16-0849,TCGA-CS-5393,TCGA-15-1447
NA,NA,NA,TCGA-14-1825,TCGA-DH-A7UR,TCGA-15-1449
NA,NA,NA,TCGA-06-0152,TCGA-S9-A6WI,TCGA-16-0846
NA,NA,NA,TCGA-RR-A6KA,TCGA-FG-A711,TCGA-16-0848
NA,NA,NA,TCGA-06-0878,TCGA-DU-A7TJ,TCGA-16-0849
NA,NA,NA,TCGA-06-0140,TCGA-HT-7687,TCGA-16-0850
NA,NA,NA,TCGA-27-1837,TCGA-P5-A5EX,TCGA-16-0861
NA,NA,NA,TCGA-14-1452,TCGA-DH-5140,TCGA-16-1045
NA,NA,NA,TCGA-12-0828,TCGA-F6-A8O4,TCGA-16-1047
NA,NA,NA,TCGA-12-0707,TCGA-FN-7833,TCGA-16-1055
NA,NA,NA,TCGA-06-5859,TCGA-DU-8168,TCGA-16-1056
NA,NA,NA,TCGA-12-0691,TCGA-HT-A61C,TCGA-16-1060
NA,NA,NA,TCGA-06-0189,TCGA-E1-A7Z2,TCGA-16-1062
NA,NA,NA,TCGA-12-1600,TCGA-E1-5304,TCGA-16-1063
NA,NA,NA,TCGA-06-0148,TCGA-E1-A7YQ,TCGA-16-1460
NA,NA,NA,TCGA-02-0047,TCGA-TM-A84G,TCGA-19-0955
NA,NA,NA,TCGA-19-5954,TCGA-HT-7604,TCGA-19-0957
NA,NA,NA,TCGA-12-0703,TCGA-E1-A7Z4,TCGA-19-0960
NA,NA,NA,TCGA-19-4065,TCGA-S9-A7R1,TCGA-19-0962
NA,NA,NA,TCGA-27-2528,TCGA-P5-A5F6,TCGA-19-0963
NA,NA,NA,TCGA-12-0653,TCGA-TM-A84J,TCGA-19-0964
NA,NA,NA,TCGA-12-0818,TCGA-HT-7470,TCGA-19-1385
NA,NA,NA,TCGA-76-4934,TCGA-HT-7478,TCGA-19-1386
NA,NA,NA,TCGA-32-2495,TCGA-DB-5279,TCGA-19-1387
NA,NA,NA,TCGA-08-0358,TCGA-DU-A5TW,TCGA-19-1388
NA,NA,NA,TCGA-06-6695,TCGA-E1-A7YD,TCGA-19-1389
NA,NA,NA,TCGA-27-2524,TCGA-S9-A6WG,TCGA-19-1390
NA,NA,NA,TCGA-08-0356,TCGA-DH-A7US,TCGA-19-1392
NA,NA,NA,TCGA-76-4928,TCGA-HT-A74O,TCGA-19-1786
NA,NA,NA,TCGA-32-2498,TCGA-DH-A7UV,TCGA-19-1787
NA,NA,NA,TCGA-28-2501,TCGA-QH-A6X4,TCGA-19-1788
NA,NA,NA,TCGA-32-4208,TCGA-S9-A7QW,TCGA-19-1789
NA,NA,NA,TCGA-76-6192,TCGA-CS-5397,TCGA-19-1790
NA,NA,NA,TCGA-06-0185,TCGA-DB-A4XC,TCGA-19-1791
NA,NA,NA,TCGA-41-3915,TCGA-E1-A7YK,TCGA-19-2619
NA,NA,NA,TCGA-32-4719,TCGA-DU-6408,TCGA-19-2620
NA,NA,NA,TCGA-06-0157,TCGA-FG-A4MX,TCGA-19-2621
NA,NA,NA,TCGA-02-2483,TCGA-S9-A7R8,TCGA-19-2623
NA,NA,NA,TCGA-14-1453,TCGA-DH-5143,TCGA-19-2624
NA,NA,NA,TCGA-02-0075,TCGA-DU-8167,TCGA-19-2625
NA,NA,NA,TCGA-06-5413,TCGA-QH-A6XC,TCGA-19-2629
NA,NA,NA,TCGA-06-6694,TCGA-DU-A76O,TCGA-19-2631
NA,NA,NA,TCGA-76-4926,TCGA-DB-A75O,TCGA-19-4065
NA,NA,NA,TCGA-12-1099,TCGA-HT-A5RA,TCGA-19-4068
NA,NA,NA,TCGA-12-0662,TCGA-HT-7480,TCGA-19-5947
NA,NA,NA,TCGA-02-0060,TCGA-S9-A7J2,TCGA-19-5950
NA,NA,NA,TCGA-32-5222,TCGA-DH-5141,TCGA-19-5951
NA,NA,NA,TCGA-06-0169,TCGA-DB-5281,TCGA-19-5952
NA,NA,NA,TCGA-41-2575,TCGA-TM-A7CF,TCGA-19-5953
NA,NA,NA,TCGA-32-1970,TCGA-CS-6188,TCGA-19-5954
NA,NA,NA,TCGA-02-0016,TCGA-TM-A84H,TCGA-19-5955
NA,NA,NA,TCGA-06-0187,TCGA-P5-A72W,TCGA-19-5956
NA,NA,NA,TCGA-27-2521,TCGA-E1-5305,TCGA-19-5958
NA,NA,NA,TCGA-14-0865,TCGA-TQ-A8XE,TCGA-19-5959
NA,NA,NA,TCGA-19-2629,TCGA-RY-A83Z,TCGA-19-5960
NA,NA,NA,TCGA-12-3653,TCGA-HT-7481,TCGA-19-A60I
NA,NA,NA,TCGA-12-1089,TCGA-P5-A77X,TCGA-19-A6J4
NA,NA,NA,TCGA-06-6388,TCGA-FG-A713,TCGA-19-A6J5
NA,NA,NA,TCGA-06-2562,TCGA-HT-A616,TCGA-26-1438
NA,NA,NA,TCGA-16-1060,TCGA-WY-A859,TCGA-26-1439
NA,NA,NA,TCGA-12-1096,TCGA-HT-7601,TCGA-26-1440
NA,NA,NA,TCGA-12-3651,TCGA-S9-A7R4,TCGA-26-1442
NA,NA,NA,TCGA-14-0740,TCGA-DU-A6S3,TCGA-26-1443
NA,NA,NA,TCGA-19-5947,TCGA-HW-7495,TCGA-26-1799
NA,NA,NA,TCGA-08-0245,TCGA-DU-5855,TCGA-26-5132
NA,NA,NA,TCGA-12-1093,TCGA-HT-A617,TCGA-26-5133
NA,NA,NA,TCGA-06-0745,TCGA-HT-7688,TCGA-26-5134
NA,NA,NA,TCGA-14-1454,TCGA-HT-A61A,TCGA-26-5135
NA,NA,NA,TCGA-06-6699,TCGA-DB-5273,TCGA-26-5136
NA,NA,NA,TCGA-12-0657,TCGA-TQ-A7RO,TCGA-26-5139
NA,NA,NA,TCGA-27-1836,TCGA-DU-5874,TCGA-26-6173
NA,NA,NA,TCGA-06-0174,TCGA-VM-A8CB,TCGA-26-6174
NA,NA,NA,TCGA-14-1043,TCGA-HW-8321,TCGA-26-A7UX
NA,NA,NA,TCGA-02-0058,TCGA-CS-4942,TCGA-27-1830
NA,NA,NA,TCGA-19-5960,TCGA-HT-A61B,TCGA-27-1831
NA,NA,NA,TCGA-06-0119,TCGA-CS-4938,TCGA-27-1832
NA,NA,NA,TCGA-06-5418,TCGA-WY-A85D,TCGA-27-1833
NA,NA,NA,TCGA-76-6664,TCGA-DU-A76L,TCGA-27-1834
NA,NA,NA,TCGA-06-0206,TCGA-HT-8012,TCGA-27-1835
NA,NA,NA,TCGA-06-0879,TCGA-P5-A5EY,TCGA-27-1836
NA,NA,NA,TCGA-02-0104,TCGA-HT-8013,TCGA-27-1837
NA,NA,NA,TCGA-06-0939,TCGA-QH-A65X,TCGA-27-1838
NA,NA,NA,TCGA-27-2526,TCGA-DU-5847,TCGA-27-2518
NA,NA,NA,TCGA-06-0650,TCGA-E1-A7YM,TCGA-27-2519
NA,NA,NA,TCGA-27-2519,TCGA-DU-5871,TCGA-27-2521
NA,NA,NA,TCGA-16-1056,TCGA-DH-A669,TCGA-27-2523
NA,NA,NA,TCGA-76-6660,TCGA-S9-A6TZ,TCGA-27-2524
NA,NA,NA,TCGA-06-0241,TCGA-DU-6410,TCGA-27-2526
NA,NA,NA,TCGA-12-0776,TCGA-HT-8111,TCGA-27-2527
NA,NA,NA,TCGA-02-0054,TCGA-E1-A7YN,TCGA-27-2528
NA,NA,NA,TCGA-28-5204,TCGA-E1-A7YU,TCGA-28-1745
NA,NA,NA,TCGA-08-0392,TCGA-HT-A5R7,TCGA-28-1746
NA,NA,NA,TCGA-76-6280,TCGA-DB-A75L,TCGA-28-1747
NA,NA,NA,TCGA-32-2638,TCGA-DU-6394,TCGA-28-1749
NA,NA,NA,TCGA-02-0107,TCGA-E1-A7YL,TCGA-28-1750
NA,NA,NA,TCGA-06-0195,TCGA-FG-8185,TCGA-28-1751
NA,NA,NA,TCGA-06-6390,TCGA-P5-A731,TCGA-28-1752
NA,NA,NA,TCGA-19-1786,TCGA-DB-A75P,TCGA-28-1753
NA,NA,NA,TCGA-06-6693,TCGA-S9-A7R3,TCGA-28-1755
NA,NA,NA,TCGA-12-0656,TCGA-FG-A70Z,TCGA-28-1756
NA,NA,NA,TCGA-08-0355,TCGA-DU-A7T8,TCGA-28-1757
NA,NA,NA,TCGA-12-0670,TCGA-TQ-A7RU,TCGA-28-1760
NA,NA,NA,TCGA-28-5208,TCGA-IK-8125,TCGA-28-2499
NA,NA,NA,TCGA-19-5952,TCGA-FG-A60K,TCGA-28-2502
NA,NA,NA,TCGA-02-0116,TCGA-HT-7607,TCGA-28-2506
NA,NA,NA,TCGA-27-1833,TCGA-DU-5851,TCGA-28-2509
NA,NA,NA,TCGA-12-1098,TCGA-S9-A7IQ,TCGA-28-2512
NA,NA,NA,TCGA-06-0158,TCGA-DB-A64U,TCGA-28-2513
NA,NA,NA,TCGA-15-0742,TCGA-KT-A7W1,TCGA-28-2514
NA,NA,NA,TCGA-02-0085,TCGA-DU-A6S2,TCGA-28-5204
NA,NA,NA,TCGA-26-1438,TCGA-RY-A843,TCGA-28-5207
NA,NA,NA,TCGA-32-1991,TCGA-FG-7637,TCGA-28-5208
NA,NA,NA,TCGA-06-0749,TCGA-VM-A8CF,TCGA-28-5209
NA,NA,NA,NA,TCGA-HT-7605,TCGA-28-5211
NA,NA,NA,NA,TCGA-TQ-A7RJ,TCGA-28-5213
NA,NA,NA,NA,TCGA-HT-A74H,TCGA-28-5214
NA,NA,NA,NA,TCGA-E1-5307,TCGA-28-5215
NA,NA,NA,NA,TCGA-HT-8010,TCGA-28-5216
NA,NA,NA,NA,TCGA-DB-A64X,TCGA-28-5218
NA,NA,NA,NA,NA,TCGA-28-5219
NA,NA,NA,NA,NA,TCGA-28-5220
NA,NA,NA,NA,NA,TCGA-28-6450
NA,NA,NA,NA,NA,TCGA-32-1970
NA,NA,NA,NA,NA,TCGA-32-1973
NA,NA,NA,NA,NA,TCGA-32-1976
NA,NA,NA,NA,NA,TCGA-32-1977
NA,NA,NA,NA,NA,TCGA-32-1978
NA,NA,NA,NA,NA,TCGA-32-1979
NA,NA,NA,NA,NA,TCGA-32-1980
NA,NA,NA,NA,NA,TCGA-32-1982
NA,NA,NA,NA,NA,TCGA-32-1986
NA,NA,NA,NA,NA,TCGA-32-1987
NA,NA,NA,NA,NA,TCGA-32-1991
NA,NA,NA,NA,NA,TCGA-32-2491
NA,NA,NA,NA,NA,TCGA-32-2494
NA,NA,NA,NA,NA,TCGA-32-2495
NA,NA,NA,NA,NA,TCGA-32-2498
NA,NA,NA,NA,NA,TCGA-32-2615
NA,NA,NA,NA,NA,TCGA-32-2616
NA,NA,NA,NA,NA,TCGA-32-2632
NA,NA,NA,NA,NA,TCGA-32-2634
NA,NA,NA,NA,NA,TCGA-32-2638
NA,NA,NA,NA,NA,TCGA-32-4208
NA,NA,NA,NA,NA,TCGA-32-4209
NA,NA,NA,NA,NA,TCGA-32-4210
NA,NA,NA,NA,NA,TCGA-32-4211
NA,NA,NA,NA,NA,TCGA-32-4213
NA,NA,NA,NA,NA,TCGA-32-4719
NA,NA,NA,NA,NA,TCGA-32-5222
NA,NA,NA,NA,NA,TCGA-41-2571
NA,NA,NA,NA,NA,TCGA-41-2572
NA,NA,NA,NA,NA,TCGA-41-2573
NA,NA,NA,NA,NA,TCGA-41-2575
NA,NA,NA,NA,NA,TCGA-41-3392
NA,NA,NA,NA,NA,TCGA-41-3393
NA,NA,NA,NA,NA,TCGA-41-3915
NA,NA,NA,NA,NA,TCGA-41-4097
NA,NA,NA,NA,NA,TCGA-41-5651
NA,NA,NA,NA,NA,TCGA-41-6646
NA,NA,NA,NA,NA,TCGA-4W-AA9R
NA,NA,NA,NA,NA,TCGA-4W-AA9S
NA,NA,NA,NA,NA,TCGA-4W-AA9T
NA,NA,NA,NA,NA,TCGA-74-6573
NA,NA,NA,NA,NA,TCGA-74-6575
NA,NA,NA,NA,NA,TCGA-74-6577
NA,NA,NA,NA,NA,TCGA-74-6578
NA,NA,NA,NA,NA,TCGA-74-6581
NA,NA,NA,NA,NA,TCGA-74-6584
NA,NA,NA,NA,NA,TCGA-76-4925
NA,NA,NA,NA,NA,TCGA-76-4926
NA,NA,NA,NA,NA,TCGA-76-4927
NA,NA,NA,NA,NA,TCGA-76-4928
NA,NA,NA,NA,NA,TCGA-76-4929
NA,NA,NA,NA,NA,TCGA-76-4931
NA,NA,NA,NA,NA,TCGA-76-4932
NA,NA,NA,NA,NA,TCGA-76-4934
NA,NA,NA,NA,NA,TCGA-76-4935
NA,NA,NA,NA,NA,TCGA-76-6191
NA,NA,NA,NA,NA,TCGA-76-6192
NA,NA,NA,NA,NA,TCGA-76-6193
NA,NA,NA,NA,NA,TCGA-76-6280
NA,NA,NA,NA,NA,TCGA-76-6282
NA,NA,NA,NA,NA,TCGA-76-6283
NA,NA,NA,NA,NA,TCGA-76-6285
NA,NA,NA,NA,NA,TCGA-76-6286
NA,NA,NA,NA,NA,TCGA-76-6656
NA,NA,NA,NA,NA,TCGA-76-6657
NA,NA,NA,NA,NA,TCGA-76-6660
NA,NA,NA,NA,NA,TCGA-76-6661
NA,NA,NA,NA,NA,TCGA-76-6662
NA,NA,NA,NA,NA,TCGA-76-6663
NA,NA,NA,NA,NA,TCGA-76-6664
NA,NA,NA,NA,NA,TCGA-81-5910
NA,NA,NA,NA,NA,TCGA-81-5911
NA,NA,NA,NA,NA,TCGA-87-5896
NA,NA,NA,NA,NA,TCGA-OX-A56R
NA,NA,NA,NA,NA,TCGA-RR-A6KA
NA,NA,NA,NA,NA,TCGA-RR-A6KB
NA,NA,NA,NA,NA,TCGA-RR-A6KC
NA,NA,NA,NA,NA,NA
NA,NA,NA,NA,NA,NA
NA,NA,NA,NA,NA,NA
NA,NA,NA,NA,NA,NA
NA,NA,NA,NA,NA,NA
NA,NA,NA,NA,NA,NA
NA,NA,NA,NA,NA,NA
NA,NA,NA,NA,NA,NA
NA,NA,NA,NA,NA,NA
NA,NA,NA,NA,NA,NA
NA,NA,NA,NA,NA,NA
NA,NA,NA,NA,NA,NA
NA,NA,NA,NA,NA,NA
NA,NA,NA,NA,NA,NA
NA,NA,NA,NA,NA,NA
NA,NA,NA,NA,NA,NA
NA,NA,NA,NA,NA,NA
NA,NA,NA,NA,NA,NA
NA,NA,NA,NA,NA,NA
NA,NA,NA,NA,NA,NA
NA,NA,NA,NA,NA,NA
NA,NA,NA,NA,NA,NA
NA,NA,NA,NA,NA,NA
NA,NA,NA,NA,NA,NA
NA,NA,NA,NA,NA,NA
NA,NA,NA,NA,NA,NA
NA,NA,NA,NA,NA,NA
NA,NA,NA,NA,NA,NA
NA,NA,NA,NA,NA,NA
NA,NA,NA,NA,NA,NA
NA,NA,NA,NA,NA,NA
NA,NA,NA,NA,NA,NA
NA,NA,NA,NA,NA,NA
NA,NA,NA,NA,NA,NA
NA,NA,NA,NA,NA,NA
NA,NA,NA,NA,NA,NA
NA,NA,NA,NA,NA,NA
NA,NA,NA,NA,NA,NA
NA,NA,NA,NA,NA,NA
NA,NA,NA,NA,NA,NA
NA,NA,NA,NA,NA,NA
NA,NA,NA,NA,NA,NA
NA,NA,NA,NA,NA,NA
NA,NA,NA,NA,NA,NA
NA,NA,NA,NA,NA,NA
NA,NA,NA,NA,NA,NA
NA,NA,NA,NA,NA,NA
NA,NA,NA,NA,NA,NA
NA,NA,NA,NA,NA,NA
NA,NA,NA,NA,NA,NA
NA,NA,NA,NA,NA,NA
NA,NA,NA,NA,NA,NA
NA,NA,NA,NA,NA,NA
NA,NA,NA,NA,NA,NA
NA,NA,NA,NA,NA,NA
NA,NA,NA,NA,NA,NA
NA,NA,NA,NA,NA,NA
NA,NA,NA,NA,NA,NA
NA,NA,NA,NA,NA,NA
NA,NA,NA,NA,NA,NA
NA,NA,NA,NA,NA,NA
NA,NA,NA,NA,NA,NA
NA,NA,NA,NA,NA,NA
NA,NA,NA,NA,NA,NA
NA,NA,NA,NA,NA,NA
NA,NA,NA,NA,NA,NA
NA,NA,NA,NA,NA,NA
NA,NA,NA,NA,NA,NA
NA,NA,NA,NA,NA,NA
NA,NA,NA,NA,NA,NA
NA,NA,NA,NA,NA,NA
NA,NA,NA,NA,NA,NA
NA,NA,NA,NA,NA,NA
NA,NA,NA,NA,NA,NA
NA,NA,NA,NA,NA,NA
NA,NA,NA,NA,NA,NA
NA,NA,NA,NA,NA,NA
NA,NA,NA,NA,NA,NA
NA,NA,NA,NA,NA,NA
NA,NA,NA,NA,NA,NA
NA,NA,NA,NA,NA,NA
NA,NA,NA,NA,NA,NA
NA,NA,NA,NA,NA,NA
NA,NA,NA,NA,NA,NA
NA,NA,NA,NA,NA,NA
NA,NA,NA,NA,NA,NA
NA,NA,NA,NA,NA,NA
NA,NA,NA,NA,NA,NA
NA,NA,NA,NA,NA,NA
NA,NA,NA,NA,NA,NA
NA,NA,NA,NA,NA,NA
NA,NA,NA,NA,NA,NA
NA,NA,NA,NA,NA,NA
NA,NA,NA,NA,NA,NA
NA,NA,NA,NA,NA,NA
NA,NA,NA,NA,NA,NA
NA,NA,NA,NA,NA,NA
NA,NA,NA,NA,NA,NA
NA,NA,NA,NA,NA,NA
NA,NA,NA,NA,NA,NA
NA,NA,NA,NA,NA,NA
NA,NA,NA,NA,NA,NA
NA,NA,NA,NA,NA,NA
NA,NA,NA,NA,NA,NA
NA,NA,NA,NA,NA,NA
NA,NA,NA,NA,NA,NA
NA,NA,NA,NA,NA,NA
NA,NA,NA,NA,NA,NA
NA,NA,NA,NA,NA,NA
NA,NA,NA,NA,NA,NA
NA,NA,NA,NA,NA,NA
NA,NA,NA,NA,NA,NA
NA,NA,NA,NA,NA,NA
NA,NA,NA,NA,NA,NA
NA,NA,NA,NA,NA,NA
NA,NA,NA,NA,NA,NA
NA,NA,NA,NA,NA,NA
NA,NA,NA,NA,NA,NA
NA,NA,NA,NA,NA,NA
NA,NA,NA,NA,NA,NA
NA,NA,NA,NA,NA,NA
NA,NA,NA,NA,NA,NA
NA,NA,NA,NA,NA,NA
NA,NA,NA,NA,NA,NA
NA,NA,NA,NA,NA,NA
NA,NA,NA,NA,NA,NA
NA,NA,NA,NA,NA,NA
NA,NA,NA,NA,NA,NA
NA,NA,NA,NA,NA,NA
NA,NA,NA,NA,NA,NA
NA,NA,NA,NA,NA,NA
NA,NA,NA,NA,NA,NA
NA,NA,NA,NA,NA,NA
NA,NA,NA,NA,NA,NA
NA,NA,NA,NA,NA,NA
NA,NA,NA,NA,NA,NA
NA,NA,NA,NA,NA,NA
NA,NA,NA,NA,NA,NA
NA,NA,NA,NA,NA,NA
NA,NA,NA,NA,NA,NA
NA,NA,NA,NA,NA,NA
NA,NA,NA,NA,NA,NA
NA,NA,NA,NA,NA,NA
NA,NA,NA,NA,NA,NA
NA,NA,NA,NA,NA,NA
NA,NA,NA,NA,NA,NA
NA,NA,NA,NA,NA,NA
NA,NA,NA,NA,NA,NA
NA,NA,NA,NA,NA,NA
NA,NA,NA,NA,NA,NA
NA,NA,NA,NA,NA,NA
NA,NA,NA,NA,NA,NA
NA,NA,NA,NA,NA,NA
NA,NA,NA,NA,NA,NA
NA,NA,NA,NA,NA,NA
NA,NA,NA,NA,NA,NA
NA,NA,NA,NA,NA,NA
NA,NA,NA,NA,NA,NA
NA,NA,NA,NA,NA,NA
NA,NA,NA,NA,NA,NA
NA,NA,NA,NA,NA,NA
NA,NA,NA,NA,NA,NA
NA,NA,NA,NA,NA,NA
NA,NA,NA,NA,NA,NA
NA,NA,NA,NA,NA,NA
NA,NA,NA,NA,NA,NA
NA,NA,NA,NA,NA,NA
NA,NA,NA,NA,NA,NA
NA,NA,NA,NA,NA,NA
NA,NA,NA,NA,NA,NA
NA,NA,NA,NA,NA,NA
NA,NA,NA,NA,NA,NA
NA,NA,NA,NA,NA,NA
NA,NA,NA,NA,NA,NA
NA,NA,NA,NA,NA,NA
NA,NA,NA,NA,NA,NA
NA,NA,NA,NA,NA,NA
NA,NA,NA,NA,NA,NA
NA,NA,NA,NA,NA,NA
NA,NA,NA,NA,NA,NA
NA,NA,NA,NA,NA,NA
NA,NA,NA,NA,NA,NA
NA,NA,NA,NA,NA,NA
NA,NA,NA,NA,NA,NA
NA,NA,NA,NA,NA,NA
NA,NA,NA,NA,NA,NA
NA,NA,NA,NA,NA,NA
NA,NA,NA,NA,NA,NA
NA,NA,NA,NA,NA,NA
NA,NA,NA,NA,NA,NA
NA,NA,NA,NA,NA,NA
NA,NA,NA,NA,NA,NA
NA,NA,NA,NA,NA,NA
NA,NA,NA,NA,NA,NA
NA,NA,NA,NA,NA,NA
NA,NA,NA,NA,NA,NA
NA,NA,NA,NA,NA,NA
NA,NA,NA,NA,NA,NA
NA,NA,NA,NA,NA,NA
NA,NA,NA,NA,NA,NA
NA,NA,NA,NA,NA,NA
NA,NA,NA,NA,NA,NA
NA,NA,NA,NA,NA,NA
NA,NA,NA,NA,NA,NA
NA,NA,NA,NA,NA,NA
NA,NA,NA,NA,NA,NA
NA,NA,NA,NA,NA,NA
NA,NA,NA,NA,NA,NA
NA,NA,NA,NA,NA,NA
NA,NA,NA,NA,NA,NA
NA,NA,NA,NA,NA,NA
NA,NA,NA,NA,NA,NA
NA,NA,NA,NA,NA,NA
NA,NA,NA,NA,NA,NA
NA,NA,NA,NA,NA,NA
NA,NA,NA,NA,NA,NA
NA,NA,NA,NA,NA,NA
NA,NA,NA,NA,NA,NA
NA,NA,NA,NA,NA,NA
NA,NA,NA,NA,NA,NA
NA,NA,NA,NA,NA,NA
NA,NA,NA,NA,NA,NA
NA,NA,NA,NA,NA,NA
NA,NA,NA,NA,NA,NA
NA,NA,NA,NA,NA,NA
NA,NA,NA,NA,NA,NA
NA,NA,NA,NA,NA,NA
NA,NA,NA,NA,NA,NA
NA,NA,NA,NA,NA,NA
NA,NA,NA,NA,NA,NA
NA,NA,NA,NA,NA,NA
NA,NA,NA,NA,NA,NA
NA,NA,NA,NA,NA,NA
NA,NA,NA,NA,NA,NA
NA,NA,NA,NA,NA,NA
NA,NA,NA,NA,NA,NA
NA,NA,NA,NA,NA,NA
NA,NA,NA,NA,NA,NA
NA,NA,NA,NA,NA,NA
NA,NA,NA,NA,NA,NA
NA,NA,NA,NA,NA,NA
NA,NA,NA,NA,NA,NA
NA,NA,NA,NA,NA,NA
NA,NA,NA,NA,NA,NA
NA,NA,NA,NA,NA,NA
NA,NA,NA,NA,NA,NA
NA,NA,NA,NA,NA,NA
NA,NA,NA,NA,NA,NA
NA,NA,NA,NA,NA,NA
NA,NA,NA,NA,NA,NA
NA,NA,NA,NA,NA,NA
NA,NA,NA,NA,NA,NA
NA,NA,NA,NA,NA,NA
NA,NA,NA,NA,NA,NA
NA,NA,NA,NA,NA,NA
NA,NA,NA,NA,NA,NA
NA,NA,NA,NA,NA,NA
NA,NA,NA,NA,NA,NA
NA,NA,NA,NA,NA,NA
NA,NA,NA,NA,NA,NA
NA,NA,NA,NA,NA,NA
NA,NA,NA,NA,NA,NA
NA,NA,NA,NA,NA,NA
NA,NA,NA,NA,NA,NA
NA,NA,NA,NA,NA,NA
NA,NA,NA,NA,NA,NA
NA,NA,NA,NA,NA,NA
NA,NA,NA,NA,NA,NA
NA,NA,NA,NA,NA,NA
NA,NA,NA,NA,NA,NA
NA,NA,NA,NA,NA,NA
NA,NA,NA,NA,NA,NA
NA,NA,NA,NA,NA,NA
NA,NA,NA,NA,NA,NA
NA,NA,NA,NA,NA,NA
NA,NA,NA,NA,NA,NA
NA,NA,NA,NA,NA,NA
NA,NA,NA,NA,NA,NA
NA,NA,NA,NA,NA,NA
NA,NA,NA,NA,NA,NA
NA,NA,NA,NA,NA,NA
NA,NA,NA,NA,NA,NA
NA,NA,NA,NA,NA,NA
NA,NA,NA,NA,NA,NA
NA,NA,NA,NA,NA,NA
NA,NA,NA,NA,NA,NA
NA,NA,NA,NA,NA,NA
NA,NA,NA,NA,NA,NA
NA,NA,NA,NA,NA,NA
NA,NA,NA,NA,NA,NA
NA,NA,NA,NA,NA,NA
NA,NA,NA,NA,NA,NA
NA,NA,NA,NA,NA,NA
NA,NA,NA,NA,NA,NA
NA,NA,NA,NA,NA,NA
NA,NA,NA,NA,NA,NA
NA,NA,NA,NA,NA,NA
NA,NA,NA,NA,NA,NA
NA,NA,NA,NA,NA,NA
NA,NA,NA,NA,NA,NA
NA,NA,NA,NA,NA,NA
NA,NA,NA,NA,NA,NA
NA,NA,NA,NA,NA,NA
NA,NA,NA,NA,NA,NA
NA,NA,NA,NA,NA,NA
NA,NA,NA,NA,NA,NA
NA,NA,NA,NA,NA,NA
NA,NA,NA,NA,NA,NA
NA,NA,NA,NA,NA,NA
NA,NA,NA,NA,NA,NA
NA,NA,NA,NA,NA,NA
NA,NA,NA,NA,NA,NA
NA,NA,NA,NA,NA,NA
NA,NA,NA,NA,NA,NA
NA,NA,NA,NA,NA,NA
NA,NA,NA,NA,NA,NA
NA,NA,NA,NA,NA,NA
NA,NA,NA,NA,NA,NA
NA,NA,NA,NA,NA,NA
NA,NA,NA,NA,NA,NA
NA,NA,NA,NA,NA,NA
NA,NA,NA,NA,NA,NA
NA,NA,NA,NA,NA,NA
NA,NA,NA,NA,NA,NA
NA,NA,NA,NA,NA,NA
NA,NA,NA,NA,NA,NA
NA,NA,NA,NA,NA,NA
NA,NA,NA,NA,NA,NA
NA,NA,NA,NA,NA,NA
NA,NA,NA,NA,NA,NA
NA,NA,NA,NA,NA,NA
NA,NA,NA,NA,NA,NA
NA,NA,NA,NA,NA,NA
NA,NA,NA,NA,NA,NA
NA,NA,NA,NA,NA,NA
NA,NA,NA,NA,NA,NA
NA,NA,NA,NA,NA,NA
NA,NA,NA,NA,NA,NA
NA,NA,NA,NA,NA,NA
NA,NA,NA,NA,NA,NA
NA,NA,NA,NA,NA,NA
NA,NA,NA,NA,NA,NA
NA,NA,NA,NA,NA,NA
NA,NA,NA,NA,NA,NA
NA,NA,NA,NA,NA,NA
NA,NA,NA,NA,NA,NA
NA,NA,NA,NA,NA,NA
NA,NA,NA,NA,NA,NA
NA,NA,NA,NA,NA,NA
NA,NA,NA,NA,NA,NA
NA,NA,NA,NA,NA,NA
NA,NA,NA,NA,NA,NA
NA,NA,NA,NA,NA,NA
NA,NA,NA,NA,NA,NA
NA,NA,NA,NA,NA,NA
NA,NA,NA,NA,NA,NA
NA,NA,NA,NA,NA,NA
NA,NA,NA,NA,NA,NA
NA,NA,NA,NA,NA,NA
NA,NA,NA,NA,NA,NA
NA,NA,NA,NA,NA,NA
NA,NA,NA,NA,NA,NA
NA,NA,NA,NA,NA,NA
NA,NA,NA,NA,NA,NA
NA,NA,NA,NA,NA,NA
NA,NA,NA,NA,NA,NA
NA,NA,NA,NA,NA,NA
NA,NA,NA,NA,NA,NA
NA,NA,NA,NA,NA,NA
NA,NA,NA,NA,NA,NA
NA,NA,NA,NA,NA,NA
NA,NA,NA,NA,NA,NA
NA,NA,NA,NA,NA,NA
NA,NA,NA,NA,NA,NA
NA,NA,NA,NA,NA,NA
NA,NA,NA,NA,NA,NA
NA,NA,NA,NA,NA,NA
NA,NA,NA,NA,NA,NA
NA,NA,NA,NA,NA,NA
NA,NA,NA,NA,NA,NA
NA,NA,NA,NA,NA,NA
NA,NA,NA,NA,NA,NA
NA,NA,NA,NA,NA,NA
NA,NA,NA,NA,NA,NA
NA,NA,NA,NA,NA,NA
NA,NA,NA,NA,NA,NA
NA,NA,NA,NA,NA,NA
NA,NA,NA,NA,NA,NA
NA,NA,NA,NA,NA,NA
NA,NA,NA,NA,NA,NA
NA,NA,NA,NA,NA,NA
NA,NA,NA,NA,NA,NA
NA,NA,NA,NA,NA,NA
NA,NA,NA,NA,NA,NA
NA,NA,NA,NA,NA,NA
NA,NA,NA,NA,NA,NA
NA,NA,NA,NA,NA,NA
NA,NA,NA,NA,NA,NA
NA,NA,NA,NA,NA,NA
NA,NA,NA,NA,NA,NA
NA,NA,NA,NA,NA,NA
NA,NA,NA,NA,NA,NA
NA,NA,NA,NA,NA,NA
NA,NA,NA,NA,NA,NA
NA,NA,NA,NA,NA,NA
NA,NA,NA,NA,NA,NA
NA,NA,NA,NA,NA,NA
NA,NA,NA,NA,NA,NA
NA,NA,NA,NA,NA,NA
NA,NA,NA,NA,NA,NA
NA,NA,NA,NA,NA,NA
NA,NA,NA,NA,NA,NA
NA,NA,NA,NA,NA,NA
NA,NA,NA,NA,NA,NA
NA,NA,NA,NA,NA,NA
NA,NA,NA,NA,NA,NA
NA,NA,NA,NA,NA,NA
NA,NA,NA,NA,NA,NA
NA,NA,NA,NA,NA,NA
NA,NA,NA,NA,NA,NA
NA,NA,NA,NA,NA,NA
NA,NA,NA,NA,NA,NA
NA,NA,NA,NA,NA,NA
NA,NA,NA,NA,NA,NA
NA,NA,NA,NA,NA,NA
NA,NA,NA,NA,NA,NA
NA,NA,NA,NA,NA,NA
NA,NA,NA,NA,NA,NA
NA,NA,NA,NA,NA,NA
NA,NA,NA,NA,NA,NA
NA,NA,NA,NA,NA,NA
NA,NA,NA,NA,NA,NA
NA,NA,NA,NA,NA,NA
NA,NA,NA,NA,NA,NA
NA,NA,NA,NA,NA,NA
NA,NA,NA,NA,NA,NA
NA,NA,NA,NA,NA,NA
NA,NA,NA,NA,NA,NA
NA,NA,NA,NA,NA,NA
NA,NA,NA,NA,NA,NA
NA,NA,NA,NA,NA,NA
NA,NA,NA,NA,NA,NA
NA,NA,NA,NA,NA,NA
NA,NA,NA,NA,NA,NA
NA,NA,NA,NA,NA,NA
NA,NA,NA,NA,NA,NA
NA,NA,NA,NA,NA,NA
NA,NA,NA,NA,NA,NA
NA,NA,NA,NA,NA,NA
NA,NA,NA,NA,NA,NA
NA,NA,NA,NA,NA,NA
NA,NA,NA,NA,NA,NA
NA,NA,NA,NA,NA,NA
NA,NA,NA,NA,NA,NA
NA,NA,NA,NA,NA,NA
NA,NA,NA,NA,NA,NA
NA,NA,NA,NA,NA,NA
NA,NA,NA,NA,NA,NA
NA,NA,NA,NA,NA,NA
NA,NA,NA,NA,NA,NA
NA,NA,NA,NA,NA,NA
NA,NA,NA,NA,NA,NA
NA,NA,NA,NA,NA,NA
NA,NA,NA,NA,NA,NA
NA,NA,NA,NA,NA,NA
NA,NA,NA,NA,NA,NA
NA,NA,NA,NA,NA,NA
NA,NA,NA,NA,NA,NA
NA,NA,NA,NA,NA,NA
NA,NA,NA,NA,NA,NA
NA,NA,NA,NA,NA,NA
NA,NA,NA,NA,NA,NA
NA,NA,NA,NA,NA,NA
NA,NA,NA,NA,NA,NA
NA,NA,NA,NA,NA,NA
NA,NA,NA,NA,NA,NA
NA,NA,NA,NA,NA,NA
NA,NA,NA,NA,NA,NA
NA,NA,NA,NA,NA,NA
NA,NA,NA,NA,NA,NA
NA,NA,NA,NA,NA,NA
NA,NA,NA,NA,NA,NA
NA,NA,NA,NA,NA,NA
NA,NA,NA,NA,NA,NA
NA,NA,NA,NA,NA,NA
NA,NA,NA,NA,NA,NA
NA,NA,NA,NA,NA,NA
NA,NA,NA,NA,NA,NA